"user_id","time_spent","group"
1,122.189148974219,"A"
2,76.1812542734658,"A"
3,46.7695873958099,"A"
4,237.063478094058,"A"
5,180.765651443341,"A"
6,135.261731707152,"A"
7,55.7097072892142,"A"
8,194.375100373666,"A"
9,160.595279058447,"A"
10,160.152698854485,"A"
11,227.964363014925,"A"
12,15.6968784495277,"A"
13,73.6956832211237,"A"
14,152.666268882644,"A"
15,103.91782605636,"A"
16,64.8239974242752,"A"
17,206.678611886065,"A"
18,0,"A"
19,0,"A"
20,0,"A"
21,129.06114363784,"A"
22,0,"A"
23,211.928646525935,"A"
24,111.501247769536,"A"
25,2.04726978298568,"A"
26,29.0480804544367,"A"
27,183.031630245778,"A"
28,0,"A"
29,111.381443372263,"A"
30,190.381242218707,"A"
31,95.8486689042081,"A"
32,75.9462005126334,"A"
33,141.720459247842,"A"
34,0,"A"
35,11.8595873650452,"A"
36,142.084855588524,"A"
37,56.137337776711,"A"
38,5.06281409633785,"A"
39,116.100468680721,"A"
40,48.1525452910345,"A"
41,0,"A"
42,0,"A"
43,14.3722677972633,"A"
44,0,"A"
45,80.1392176209655,"A"
46,101.075353186582,"A"
47,15.3112444283418,"A"
48,2.72790981076086,"A"
49,163.427387735115,"A"
50,44.4649252887061,"A"
51,108.655055410226,"A"
52,41.5144905789055,"A"
53,29.2529567411198,"A"
54,185.951903807594,"A"
55,56.2953214717238,"A"
56,60.4800782001572,"A"
57,10.2977292026896,"A"
58,179.956631400088,"A"
59,152.682992554695,"A"
60,162.884236985174,"A"
61,71.7477898824438,"A"
62,129.372204150229,"A"
63,97.3765036430533,"A"
64,222.53105287951,"A"
65,76.0789567418452,"A"
66,108.776661187565,"A"
67,145.56849507954,"A"
68,60.0261836193124,"A"
69,94.4030599704732,"A"
70,82.372506897071,"A"
71,154.737285148862,"A"
72,138.918219313805,"A"
73,115.910716542725,"A"
74,93.8434325701732,"A"
75,50.5754774679779,"A"
76,0,"A"
77,197.230731297039,"A"
78,136.847794475023,"A"
79,6.93869558370933,"A"
80,133.408100619378,"A"
81,69.6597491707977,"A"
82,168.783598709329,"A"
83,211.065428185421,"A"
84,81.3884340576723,"A"
85,14.2419022929583,"A"
86,0,"A"
87,10.4549350740168,"A"
88,44.3902783358557,"A"
89,45.1878171202009,"A"
90,0,"A"
91,30.1610540109985,"A"
92,0,"A"
93,25.4289131660605,"A"
94,164.965669699861,"A"
95,141.639087583688,"A"
96,85.9236647409936,"A"
97,163.726367812801,"A"
98,119.061984738681,"A"
99,143.150847447375,"A"
100,102.036015773374,"A"
101,79.6826383266146,"A"
102,134.333874914442,"A"
103,86.8626403268182,"A"
104,140.768420900044,"A"
105,60.7170186329569,"A"
106,102.414741494472,"A"
107,110.901480227138,"A"
108,53.03110609873,"A"
109,145.505385835177,"A"
110,174.220499827666,"A"
111,97.246503386766,"A"
112,168.683330718656,"A"
113,72.7116026311167,"A"
114,102.164365112853,"A"
115,61.0249581063877,"A"
116,133.15462734471,"A"
117,26.9225897783131,"A"
118,130.115187703157,"A"
119,142.980353348029,"A"
120,0,"A"
121,103.536129180678,"A"
122,180.435450309333,"A"
123,256.0335573434,"A"
124,122.323947393349,"A"
125,19.2146723273713,"A"
126,93.2616172156652,"A"
127,5.00115495125189,"A"
128,116.441795490474,"A"
129,93.3332581148952,"A"
130,96.8549199453893,"A"
131,128.184893159769,"A"
132,60.7076439120146,"A"
133,116.353943677547,"A"
134,48.4010844794142,"A"
135,60.0240662996745,"A"
136,147.12072361754,"A"
137,35.4245847176657,"A"
138,131.334239794987,"A"
139,64.3960551848116,"A"
140,187.32086541988,"A"
141,24.4524102517821,"A"
142,147.83170264496,"A"
143,62.1805540104623,"A"
144,20.1949028400074,"A"
145,50.382669416378,"A"
146,191.960361225213,"A"
147,127.009796337199,"A"
148,116.054825452289,"A"
149,149.840299915749,"A"
150,29.2358145308446,"A"
151,168.20200761178,"A"
152,24.1577946504091,"A"
153,108.306602591162,"A"
154,86.0459170459418,"A"
155,131.110993114069,"A"
156,42.9417594408748,"A"
157,27.3164089624584,"A"
158,124.747144099944,"A"
159,0,"A"
160,154.217894410419,"A"
161,0,"A"
162,191.805739125348,"A"
163,0,"A"
164,94.4403869417353,"A"
165,70.4177972048188,"A"
166,43.428025416316,"A"
167,128.272240664824,"A"
168,183.90746507684,"A"
169,24.2913949951411,"A"
170,59.934131631199,"A"
171,9.03018518143766,"A"
172,131.767256446017,"A"
173,137.566532004836,"A"
174,0,"A"
175,125.430730136805,"A"
176,0,"A"
177,133.776297249981,"A"
178,123.373177706776,"A"
179,165.31251537538,"A"
180,62.4182161308878,"A"
181,44.4799976045,"A"
182,14.3134151631389,"A"
183,0,"A"
184,121.796862946037,"A"
185,66.0108875625803,"A"
186,224.185475077445,"A"
187,227.532464645517,"A"
188,69.4585639404543,"A"
189,11.3982427766391,"A"
190,10.5484921050281,"A"
191,156.573353820106,"A"
192,71.9172928166983,"A"
193,125.095629453403,"A"
194,0,"A"
195,179.413940582987,"A"
196,0,"A"
197,62.5215389888291,"A"
198,34.1379700356144,"A"
199,135.43558677404,"A"
200,71.2693309611205,"A"
201,107.629390579232,"A"
202,18.4523996899391,"A"
203,0,"A"
204,99.1284258529421,"A"
205,11.4105451126304,"A"
206,81.6723552420238,"A"
207,0,"A"
208,229.42224626901,"A"
209,62.5001248166781,"A"
210,146.462401147599,"A"
211,44.2812587523556,"A"
212,73.4187058291516,"A"
213,212.444465754323,"A"
214,82.1083454445418,"A"
215,77.111125274848,"A"
216,91.3614065839311,"A"
217,87.5133218701308,"A"
218,61.456625497413,"A"
219,5.64352396281387,"A"
220,55.0096532169989,"A"
221,87.5035943126606,"A"
222,180.771513632978,"A"
223,105.636871993893,"A"
224,75.7924114525757,"A"
225,0,"A"
226,8.83068484501477,"A"
227,80.8383282782086,"A"
228,119.651269125764,"A"
229,22.9044664088849,"A"
230,204.602354201156,"A"
231,80.3709559780759,"A"
232,97.1460020924653,"A"
233,160.052062501334,"A"
234,0,"A"
235,96.6218737553984,"A"
236,112.517201232728,"A"
237,134.324020311646,"A"
238,108.986972706221,"A"
239,119.666846951458,"A"
240,146.899588562106,"A"
241,48.5788161688599,"A"
242,120.162890087985,"A"
243,50.3013632458158,"A"
244,130.683075606149,"A"
245,0,"A"
246,102.560534262952,"A"
247,82.4439481182956,"A"
248,188.171133582866,"A"
249,97.9713766105607,"A"
250,160.071946871425,"A"
251,103.756805277328,"A"
252,104.805582743208,"A"
253,49.582802469198,"A"
254,48.8015439590941,"A"
255,0,"A"
256,123.137307923176,"A"
257,87.0841424588351,"A"
258,98.4627128051757,"A"
259,0,"A"
260,204.471941035574,"A"
261,29.2606653822516,"A"
262,118.857064418393,"A"
263,146.507616622034,"A"
264,65.4134962212631,"A"
265,116.087031271232,"A"
266,50.647599435869,"A"
267,102.523194511006,"A"
268,81.2503692727861,"A"
269,215.886335822351,"A"
270,15.5709651953462,"A"
271,166.321683619126,"A"
272,29.6892628154696,"A"
273,212.274377360976,"A"
274,110.623527446123,"A"
275,62.5742747216107,"A"
276,0,"A"
277,37.9316590584205,"A"
278,5.40288387227605,"A"
279,0,"A"
280,63.5238900222937,"A"
281,162.297450131086,"A"
282,85.5903192918284,"A"
283,49.1635489026525,"A"
284,196.238743167283,"A"
285,70.2414359309432,"A"
286,0,"A"
287,0,"A"
288,0,"A"
289,35.9985575776163,"A"
290,85.2477013227144,"A"
291,106.448517289093,"A"
292,123.986875611807,"A"
293,161.594162789419,"A"
294,69.774569841974,"A"
295,0,"A"
296,72.9580879249872,"A"
297,0,"A"
298,99.9471126208603,"A"
299,34.8819746322742,"A"
300,236.299037193193,"A"
301,86.3757932143399,"A"
302,15.8773806883397,"A"
303,136.822576768639,"A"
304,109.953180176218,"A"
305,142.570662731581,"A"
306,0,"A"
307,28.763318035578,"A"
308,266.898100637621,"A"
309,140.687950436813,"A"
310,9.79463824905179,"A"
311,95.1273532294189,"A"
312,116.473958514428,"A"
313,0,"A"
314,84.4478370172249,"A"
315,275.625582355284,"A"
316,36.1587568794258,"A"
317,54.7405958083018,"A"
318,230.309375702226,"A"
319,164.358666805374,"A"
320,24.7376275153426,"A"
321,72.7898676151452,"A"
322,60.9197992633848,"A"
323,22.5750178415148,"A"
324,106.740028002342,"A"
325,15.9722643744032,"A"
326,47.9436169789213,"A"
327,127.836039636429,"A"
328,95.7837280501008,"A"
329,229.550798383372,"A"
330,78.6282446057374,"A"
331,100.018814840169,"A"
332,65.5963807663506,"A"
333,0,"A"
334,0,"A"
335,34.6897065525489,"A"
336,57.2187225977632,"A"
337,84.571727656248,"A"
338,44.2344975718161,"A"
339,104.906993126713,"A"
340,0,"A"
341,151.694432538461,"A"
342,206.378775092526,"A"
343,142.254420744948,"A"
344,171.100047506588,"A"
345,0,"A"
346,202.106923394729,"A"
347,319.954913177064,"A"
348,206.780422400828,"A"
349,52.71787640758,"A"
350,0,"A"
351,167.659940934956,"A"
352,167.970388697136,"A"
353,96.6252218309887,"A"
354,0,"A"
355,6.48895480031966,"A"
356,24.8144623384505,"A"
357,107.302229050995,"A"
358,9.03983310256918,"A"
359,0,"A"
360,62.8640105432196,"A"
361,73.2115688236975,"A"
362,60.4593774099415,"A"
363,52.384745536975,"A"
364,0,"A"
365,0,"A"
366,169.993533681654,"A"
367,73.3361529405395,"A"
368,53.4742224771633,"A"
369,1.90052381248185,"A"
370,0,"A"
371,118.338987608681,"A"
372,76.9315364833383,"A"
373,194.213688246433,"A"
374,78.0213450698316,"A"
375,161.819014341865,"A"
376,45.6743425018879,"A"
377,51.9315740171263,"A"
378,216.667727328487,"A"
379,178.654346428107,"A"
380,124.726259604781,"A"
381,23.2246399536205,"A"
382,203.316795851212,"A"
383,56.4411629890189,"A"
384,73.0539201127589,"A"
385,160.996544595363,"A"
386,40.0987358046647,"A"
387,261.928326450276,"A"
388,249.794166148762,"A"
389,60.552140883206,"A"
390,313.619247386268,"A"
391,140.293367501419,"A"
392,158.327451932797,"A"
393,49.8415157702832,"A"
394,71.0952474716655,"A"
395,156.550569004376,"A"
396,138.925811268765,"A"
397,63.1143463130237,"A"
398,186.618398745068,"A"
399,12.5374499831533,"A"
400,130.521931846755,"A"
401,86.3475884439561,"A"
402,52.2583313590651,"A"
403,161.244416743783,"A"
404,29.2621709369025,"A"
405,9.38282941021748,"A"
406,76.807982663233,"A"
407,250.002136104026,"A"
408,136.314639647626,"A"
409,46.1438163572787,"A"
410,7.20969100590065,"A"
411,43.0143893809893,"A"
412,0,"A"
413,170.747143791762,"A"
414,67.2240980577077,"A"
415,86.2452773419142,"A"
416,138.091383696859,"A"
417,167.147699730011,"A"
418,0,"A"
419,140.517120375541,"A"
420,134.488219818524,"A"
421,49.8761850553153,"A"
422,177.601321349771,"A"
423,187.239501251859,"A"
424,83.5795779657713,"A"
425,140.3030101852,"A"
426,36.9568109716818,"A"
427,161.87575527559,"A"
428,89.1899590127095,"A"
429,149.007790046485,"A"
430,130.648170157896,"A"
431,87.1990877835977,"A"
432,202.257981712163,"A"
433,11.8562388228117,"A"
434,174.382591757712,"A"
435,82.4859823763383,"A"
436,94.0144017185569,"A"
437,170.20560129546,"A"
438,0,"A"
439,109.071769974217,"A"
440,106.142054371577,"A"
441,171.137284972075,"A"
442,43.9115204131569,"A"
443,69.1704005681368,"A"
444,5.41244572643873,"A"
445,0,"A"
446,41.823882540455,"A"
447,233.599184336509,"A"
448,24.3319783595242,"A"
449,104.256884402071,"A"
450,95.3980466535198,"A"
451,0,"A"
452,98.1628365516702,"A"
453,99.7957514401512,"A"
454,178.483211591345,"A"
455,0,"A"
456,56.1428783443997,"A"
457,132.988467163221,"A"
458,86.7188310317048,"A"
459,211.608854345153,"A"
460,154.701761136628,"A"
461,75.3816834400505,"A"
462,103.997216334872,"A"
463,23.1765114511523,"A"
464,51.0790334168142,"A"
465,121.834132609957,"A"
466,249.176509112262,"A"
467,128.51406776159,"A"
468,267.170845448857,"A"
469,55.0921243054832,"A"
470,130.76679599803,"A"
471,0,"A"
472,7.22940112088261,"A"
473,192.16749625115,"A"
474,166.181968701072,"A"
475,157.127630456886,"A"
476,68.1273604232637,"A"
477,208.986031306878,"A"
478,208.408386253585,"A"
479,32.2490277444044,"A"
480,152.297345490263,"A"
481,151.359384496502,"A"
482,51.9737269313253,"A"
483,77.7046935702699,"A"
484,52.2607545670335,"A"
485,96.817229921434,"A"
486,87.1967705766093,"A"
487,137.491292693048,"A"
488,71.8931215739499,"A"
489,78.778089278756,"A"
490,159.658746263662,"A"
491,169.730282302142,"A"
492,185.885048801677,"A"
493,153.800733157691,"A"
494,35.8028871377417,"A"
495,163.527252268501,"A"
496,0,"A"
497,65.7311449615389,"A"
498,201.036800115634,"A"
499,226.237003081562,"A"
500,100.747573055183,"A"
501,87.9509416340597,"A"
502,118.617358476913,"A"
503,76.5390520378716,"A"
504,80.8535084293293,"A"
505,7.94706162959558,"A"
506,112.629443090371,"A"
507,6.70732456393563,"A"
508,0,"A"
509,61.9776723880581,"A"
510,198.991800580047,"A"
511,0,"A"
512,49.4277425810151,"A"
513,0,"A"
514,84.3759112062098,"A"
515,40.5298467205046,"A"
516,25.7167899570274,"A"
517,76.6982773179857,"A"
518,162.807396688859,"A"
519,100.966627435205,"A"
520,164.284318745141,"A"
521,190.982139891428,"A"
522,100.853531017809,"A"
523,0,"A"
524,147.447038210555,"A"
525,143.387161618173,"A"
526,218.285334805045,"A"
527,0,"A"
528,93.8813022823607,"A"
529,81.7908816146908,"A"
530,8.73738263839444,"A"
531,132.1362496491,"A"
532,177.368309290552,"A"
533,81.6265281161907,"A"
534,108.262042106124,"A"
535,22.9528797612721,"A"
536,0,"A"
537,80.1033376246291,"A"
538,49.7440438883147,"A"
539,34.7518806625829,"A"
540,58.5204001394164,"A"
541,180.247596637753,"A"
542,0,"A"
543,0,"A"
544,113.262073689461,"A"
545,129.591931882482,"A"
546,48.3965451535383,"A"
547,178.317274824863,"A"
548,78.2971560525875,"A"
549,58.2175641638058,"A"
550,173.074092376738,"A"
551,42.5160223990534,"A"
552,111.274922132515,"A"
553,169.144416679168,"A"
554,117.742380103037,"A"
555,95.0399990814813,"A"
556,22.1337348143581,"A"
557,0,"A"
558,177.225251677345,"A"
559,162.986076364916,"A"
560,193.874122312681,"A"
561,121.245985462362,"A"
562,147.771829750531,"A"
563,105.523604205034,"A"
564,200.225908538313,"A"
565,147.437046822329,"A"
566,86.3789095757717,"A"
567,0,"A"
568,0,"A"
569,139.479438715134,"A"
570,24.8631073336283,"A"
571,31.6194722444869,"A"
572,71.2273989723218,"A"
573,66.0883330993447,"A"
574,0,"A"
575,128.295715451409,"A"
576,0,"A"
577,127.21662520428,"A"
578,39.1632960139425,"A"
579,52.6862045731972,"A"
580,0,"A"
581,43.0387551595501,"A"
582,151.785996232257,"A"
583,0,"A"
584,104.056800451423,"A"
585,152.451329550387,"A"
586,0,"A"
587,233.58596551039,"A"
588,153.300348661087,"A"
589,133.445108069496,"A"
590,29.3653541031128,"A"
591,47.9217421560935,"A"
592,31.1161876308785,"A"
593,23.3347374452891,"A"
594,0,"A"
595,69.7674118686555,"A"
596,12.6155443554043,"A"
597,0,"A"
598,169.526792480196,"A"
599,49.2187553171214,"A"
600,82.6072318153787,"A"
601,39.6363878644321,"A"
602,0,"A"
603,64.4135810766384,"A"
604,124.162604306498,"A"
605,131.138586691931,"A"
606,36.8416129287969,"A"
607,188.668626562495,"A"
608,126.518562915191,"A"
609,0,"A"
610,37.645274463117,"A"
611,103.252542092965,"A"
612,62.140010077671,"A"
613,27.5938782465195,"A"
614,0,"A"
615,144.026962419584,"A"
616,202.064077544107,"A"
617,270.935064885093,"A"
618,5.91464547751713,"A"
619,17.8204973407944,"A"
620,37.9175300459584,"A"
621,63.8169024659276,"A"
622,188.774576540091,"A"
623,157.129732388446,"A"
624,39.4268114470228,"A"
625,83.8308408012078,"A"
626,0.289130443779186,"A"
627,148.644547266512,"A"
628,20.3330932973703,"A"
629,209.127003441887,"A"
630,161.220824254028,"A"
631,0,"A"
632,0,"A"
633,159.382286034532,"A"
634,141.84145790237,"A"
635,159.103559959178,"A"
636,213.275430227947,"A"
637,51.748813569574,"A"
638,126.209690602419,"A"
639,186.973649728106,"A"
640,171.936273485399,"A"
641,47.8736187218916,"A"
642,128.312162762144,"A"
643,97.2861853182094,"A"
644,85.9082151762675,"A"
645,184.707854234863,"A"
646,109.218986591532,"A"
647,142.794995500356,"A"
648,173.139176738316,"A"
649,166.024327289239,"A"
650,139.547099342538,"A"
651,0,"A"
652,163.186839077204,"A"
653,0,"A"
654,150.813534447236,"A"
655,92.7384612415431,"A"
656,55.6666298842139,"A"
657,59.4349880260848,"A"
658,139.598580311192,"A"
659,146.183553035674,"A"
660,0,"A"
661,119.056456150159,"A"
662,76.6368164586681,"A"
663,0.884509271302761,"A"
664,42.8864898965881,"A"
665,248.236741254044,"A"
666,22.8611601186139,"A"
667,60.3880412925206,"A"
668,177.023277652232,"A"
669,164.63281605685,"A"
670,0,"A"
671,173.30962966286,"A"
672,106.298537122745,"A"
673,0,"A"
674,121.61866228612,"A"
675,153.193330451862,"A"
676,0,"A"
677,59.8599604379256,"A"
678,0,"A"
679,160.263631319844,"A"
680,162.66572867678,"A"
681,50.9280767161912,"A"
682,94.149878606041,"A"
683,97.6263255622963,"A"
684,210.759617860149,"A"
685,143.927650419041,"A"
686,94.588508273399,"A"
687,0,"A"
688,7.54108889502035,"A"
689,154.070318557175,"A"
690,84.3991443108357,"A"
691,154.179088289547,"A"
692,44.7124139820533,"A"
693,41.0077673696101,"A"
694,108.801335429089,"A"
695,183.302765082477,"A"
696,29.3424370945462,"A"
697,153.129623354959,"A"
698,72.595613669056,"A"
699,70.8530807656894,"A"
700,55.1942322106198,"A"
701,98.3371958703575,"A"
702,89.0492637151185,"A"
703,191.984965825758,"A"
704,186.532200037315,"A"
705,85.4490003348331,"A"
706,0,"A"
707,163.366837067156,"A"
708,0,"A"
709,0,"A"
710,75.621214621643,"A"
711,136.999778880982,"A"
712,173.897938447354,"A"
713,164.465932993636,"A"
714,234.661233820354,"A"
715,100.377564154259,"A"
716,192.490982408648,"A"
717,75.9991572075337,"A"
718,165.726146477412,"A"
719,51.9034041822023,"A"
720,121.490517043771,"A"
721,32.1154278040797,"A"
722,237.658836128391,"A"
723,0,"A"
724,18.9911909389718,"A"
725,106.057034964592,"A"
726,0,"A"
727,23.7178180732486,"A"
728,183.558490317262,"A"
729,179.746109524862,"A"
730,193.139343403827,"A"
731,117.526382719172,"A"
732,169.102576870657,"A"
733,80.5614240342879,"A"
734,126.062256820279,"A"
735,57.9329502817743,"A"
736,125.409400632876,"A"
737,3.68868258573868,"A"
738,259.889613336404,"A"
739,236.654393275204,"A"
740,14.2363114747757,"A"
741,153.456988635408,"A"
742,158.265827742862,"A"
743,203.225983582303,"A"
744,90.2351737356466,"A"
745,0.00166657610940035,"A"
746,10.412282481845,"A"
747,134.226699043675,"A"
748,82.3181194195069,"A"
749,177.947123923405,"A"
750,149.944075240676,"A"
751,0,"A"
752,181.107186774207,"A"
753,34.3466012926024,"A"
754,97.6408864025329,"A"
755,175.918947482087,"A"
756,115.69090595334,"A"
757,125.706556462934,"A"
758,143.072627229029,"A"
759,129.239782937432,"A"
760,0,"A"
761,154.084716243464,"A"
762,44.0647911676114,"A"
763,98.3702684787696,"A"
764,134.814010168298,"A"
765,147.104947871459,"A"
766,9.97191337147939,"A"
767,172.143063057355,"A"
768,71.3673410413467,"A"
769,242.759008820511,"A"
770,139.220824212651,"A"
771,0,"A"
772,9.09345032355729,"A"
773,70.8954711589489,"A"
774,127.076220959784,"A"
775,79.3262375769103,"A"
776,43.4917124455586,"A"
777,37.8694229261625,"A"
778,156.590246572426,"A"
779,79.8238549128089,"A"
780,70.3649384769716,"A"
781,5.21162533093518,"A"
782,83.6734923941483,"A"
783,0,"A"
784,36.1044008242424,"A"
785,0,"A"
786,71.4694004748209,"A"
787,71.2160623319193,"A"
788,126.627269559429,"A"
789,121.860460345366,"A"
790,91.3726401149413,"A"
791,95.5807154503211,"A"
792,272.135121999942,"A"
793,117.130986687274,"A"
794,0,"A"
795,49.5797129541022,"A"
796,0,"A"
797,114.151789003714,"A"
798,201.86561431588,"A"
799,65.1140031055004,"A"
800,15.2435512639955,"A"
801,66.866018353881,"A"
802,99.0048476587433,"A"
803,151.57482863633,"A"
804,83.8079092322885,"A"
805,1.87556764894589,"A"
806,211.043359377156,"A"
807,15.4671136315927,"A"
808,145.452755874782,"A"
809,51.2317000728636,"A"
810,19.8040858513327,"A"
811,0,"A"
812,65.2895066544206,"A"
813,34.14416091955,"A"
814,254.615033779906,"A"
815,156.332433459954,"A"
816,92.5877313954484,"A"
817,57.9285858575801,"A"
818,0,"A"
819,172.08950207206,"A"
820,17.1982112994841,"A"
821,181.615362824193,"A"
822,184.195539754567,"A"
823,108.019782690566,"A"
824,63.873065718435,"A"
825,126.413879602938,"A"
826,111.266078563678,"A"
827,0,"A"
828,161.176500968281,"A"
829,131.51484019762,"A"
830,242.000286891155,"A"
831,54.3840405769342,"A"
832,195.851473313524,"A"
833,173.291661977729,"A"
834,80.1897714050368,"A"
835,0,"A"
836,115.822551098862,"A"
837,160.141181722597,"A"
838,110.072473147402,"A"
839,151.564579577573,"A"
840,0,"A"
841,211.884457862067,"A"
842,12.4868391121404,"A"
843,56.891439126972,"A"
844,124.347069974341,"A"
845,162.195755496482,"A"
846,61.1700945236036,"A"
847,0,"A"
848,21.6960292977936,"A"
849,99.5122016161105,"A"
850,218.376430462038,"A"
851,0,"A"
852,180.119996721681,"A"
853,158.555510943386,"A"
854,96.4784057276121,"A"
855,188.181714747686,"A"
856,0,"A"
857,170.447982479556,"A"
858,0,"A"
859,204.303687485676,"A"
860,64.1360731342424,"A"
861,132.45635046126,"A"
862,104.952789834048,"A"
863,121.824619556045,"A"
864,0,"A"
865,163.112298784895,"A"
866,210.507115683685,"A"
867,65.4211487696793,"A"
868,137.560482295589,"A"
869,101.644907083672,"A"
870,108.580283529263,"A"
871,0,"A"
872,0,"A"
873,102.327059744903,"A"
874,194.235203709503,"A"
875,1.5996251131434,"A"
876,128.797803175229,"A"
877,54.6890046442773,"A"
878,201.702356422877,"A"
879,71.6588881141514,"A"
880,73.4899168296892,"A"
881,64.7202363392116,"A"
882,51.9478482799155,"A"
883,0,"A"
884,100.800403855521,"A"
885,83.0207539455891,"A"
886,34.6039852693386,"A"
887,145.154113407838,"A"
888,132.319214618339,"A"
889,75.8331766769684,"A"
890,85.0489998494429,"A"
891,189.612783938243,"A"
892,113.894263116672,"A"
893,70.6407990227281,"A"
894,88.1423900665073,"A"
895,43.1701751937005,"A"
896,45.5038455000573,"A"
897,152.752919482916,"A"
898,171.624138262777,"A"
899,11.0544866101713,"A"
900,206.72373849441,"A"
901,55.9188969737248,"A"
902,108.859720540252,"A"
903,45.3830084419891,"A"
904,102.003737943176,"A"
905,158.636349772424,"A"
906,142.374467195609,"A"
907,91.1887589964944,"A"
908,182.140825912875,"A"
909,48.8519486529205,"A"
910,165.94688100964,"A"
911,65.0246059086895,"A"
912,0,"A"
913,218.840557700202,"A"
914,90.4058434586527,"A"
915,20.7775753333452,"A"
916,222.27993071991,"A"
917,21.0217233663932,"A"
918,83.3851325438361,"A"
919,81.5894367153793,"A"
920,24.8268551425683,"A"
921,73.406153616799,"A"
922,110.184287267209,"A"
923,103.291518140899,"A"
924,162.232333079179,"A"
925,154.689720291141,"A"
926,98.241953407701,"A"
927,91.392779312921,"A"
928,39.1380754208811,"A"
929,167.756405639461,"A"
930,89.4080961565929,"A"
931,57.5314522504904,"A"
932,56.42913931887,"A"
933,164.527825018879,"A"
934,66.3622655422884,"A"
935,158.660996433109,"A"
936,0,"A"
937,155.261862499461,"A"
938,16.8921640582493,"A"
939,320.802401052455,"A"
940,0,"A"
941,33.2879699563759,"A"
942,222.213496305826,"A"
943,92.8965277635182,"A"
944,19.2975680074379,"A"
945,0,"A"
946,0,"A"
947,106.705320708663,"A"
948,24.6190047627295,"A"
949,25.6021953569296,"A"
950,61.2515829979322,"A"
951,98.8203790754178,"A"
952,127.451094893646,"A"
953,105.215268532074,"A"
954,29.8151890012296,"A"
955,24.1603112955832,"A"
956,167.324664122091,"A"
957,0,"A"
958,210.424289480651,"A"
959,186.393453880031,"A"
960,0,"A"
961,115.656267380745,"A"
962,154.261724652689,"A"
963,71.9492534881256,"A"
964,9.34822892168697,"A"
965,217.140848560819,"A"
966,68.5075239402917,"A"
967,191.850580585602,"A"
968,83.3920700840239,"A"
969,6.79832608806586,"A"
970,169.4138842325,"A"
971,67.2694295152896,"A"
972,52.2727771142637,"A"
973,160.266604373384,"A"
974,135.131763694762,"A"
975,117.613858044023,"A"
976,0,"A"
977,228.269216753842,"A"
978,21.2639591626391,"A"
979,57.1114247906893,"A"
980,143.488982134324,"A"
981,257.711590736065,"A"
982,66.2440424331113,"A"
983,85.4050229704842,"A"
984,99.9154879930352,"A"
985,38.3747472322408,"A"
986,3.69261220802372,"A"
987,74.5978703464259,"A"
988,42.5287524553955,"A"
989,0,"A"
990,6.06963676580341,"A"
991,98.9680892853233,"B"
992,49.5411933803586,"B"
993,143.385176554587,"B"
994,0,"B"
995,37.2248316895136,"B"
996,112.172962779893,"B"
997,12.8790501152523,"B"
998,54.7746885963244,"B"
999,0.889835701230822,"B"
1000,150.342965522742,"B"
1001,240.896956640258,"B"
1002,121.595040076916,"B"
1003,88.760230568093,"B"
1004,143.151340613604,"B"
1005,134.2960607416,"B"
1006,7.98144170722347,"B"
1007,112.962974482771,"B"
1008,203.845912203895,"B"
1009,0,"B"
1010,74.4945055882838,"B"
1011,103.724014390746,"B"
1012,0,"B"
1013,105.720769099441,"B"
1014,0,"B"
1015,115.521483642329,"B"
1016,117.240543644777,"B"
1017,133.998716871415,"B"
1018,0,"B"
1019,18.6935407789004,"B"
1020,203.748253361208,"B"
1021,55.566096979506,"B"
1022,208.211372601813,"B"
1023,70.2339530768747,"B"
1024,211.163605307493,"B"
1025,0,"B"
1026,156.522717530748,"B"
1027,219.256867973049,"B"
1028,186.157595601649,"B"
1029,73.1823916688555,"B"
1030,143.061749084054,"B"
1031,30.3125328383978,"B"
1032,211.002187593121,"B"
1033,165.225112655889,"B"
1034,231.754212751326,"B"
1035,0,"B"
1036,122.4067039832,"B"
1037,28.664522314155,"B"
1038,115.634883035388,"B"
1039,241.1067238127,"B"
1040,159.951308749413,"B"
1041,103.19083710937,"B"
1042,0,"B"
1043,33.497043125947,"B"
1044,164.972141236153,"B"
1045,101.73865143067,"B"
1046,153.510434590223,"B"
1047,0,"B"
1048,86.0555789437712,"B"
1049,96.0342888431252,"B"
1050,128.504943978779,"B"
1051,15.4715032315191,"B"
1052,18.3451775780871,"B"
1053,198.975131028283,"B"
1054,148.659369625147,"B"
1055,0,"B"
1056,220.517580951579,"B"
1057,117.927592979665,"B"
1058,29.0913003644294,"B"
1059,0,"B"
1060,69.5636260879508,"B"
1061,168.632375217317,"B"
1062,176.68815384321,"B"
1063,18.7267007348048,"B"
1064,0,"B"
1065,57.5168022530285,"B"
1066,4.98587909886808,"B"
1067,331.559417478869,"B"
1068,139.636846480704,"B"
1069,79.6130804824453,"B"
1070,0,"B"
1071,148.061981876031,"B"
1072,215.581288598583,"B"
1073,120.977801244633,"B"
1074,169.021548278394,"B"
1075,21.8453490783774,"B"
1076,17.9670859463644,"B"
1077,0,"B"
1078,111.679358519795,"B"
1079,46.4608495286906,"B"
1080,177.133648753591,"B"
1081,20.1591827614617,"B"
1082,111.718219482479,"B"
1083,250.360881604587,"B"
1084,155.378475427096,"B"
1085,106.011850842507,"B"
1086,186.688265855026,"B"
1087,61.0708675436924,"B"
1088,63.0751720720865,"B"
1089,142.949758691586,"B"
1090,174.429750145703,"B"
1091,4.24751197665346,"B"
1092,212.646511222179,"B"
1093,53.6194284878853,"B"
1094,21.5281460867097,"B"
1095,138.92962438982,"B"
1096,106.788706381189,"B"
1097,57.8734434614301,"B"
1098,7.75911786252914,"B"
1099,64.3942564899032,"B"
1100,54.1271806974962,"B"
1101,174.995126261617,"B"
1102,55.7293745809434,"B"
1103,101.351386716989,"B"
1104,72.9911864899015,"B"
1105,128.980951314831,"B"
1106,0,"B"
1107,110.574263989633,"B"
1108,12.991788375666,"B"
1109,108.390290310475,"B"
1110,165.351846845708,"B"
1111,162.396154757674,"B"
1112,101.600301080083,"B"
1113,107.296466875741,"B"
1114,59.287070304762,"B"
1115,110.205860840281,"B"
1116,46.5310145446699,"B"
1117,147.256445531105,"B"
1118,11.4625641458434,"B"
1119,252.153219312489,"B"
1120,131.079408004122,"B"
1121,174.858701181331,"B"
1122,172.787668212188,"B"
1123,0,"B"
1124,118.862977735318,"B"
1125,132.916068796956,"B"
1126,76.8294040299727,"B"
1127,194.279686154852,"B"
1128,0,"B"
1129,110.624770925864,"B"
1130,261.958874470359,"B"
1131,183.871485352052,"B"
1132,52.887125821385,"B"
1133,3.20113910723418,"B"
1134,132.671748385326,"B"
1135,8.45547999551582,"B"
1136,128.135630115674,"B"
1137,0,"B"
1138,84.0039376419917,"B"
1139,65.2800590417718,"B"
1140,189.665405249193,"B"
1141,195.830390334955,"B"
1142,253.538764667745,"B"
1143,197.577647976449,"B"
1144,0,"B"
1145,109.447926048477,"B"
1146,36.8285763346899,"B"
1147,24.8111952530139,"B"
1148,117.244161069732,"B"
1149,106.969392945983,"B"
1150,212.565006594627,"B"
1151,119.279818001479,"B"
1152,272.163587736589,"B"
1153,0,"B"
1154,168.984878495772,"B"
1155,0,"B"
1156,15.3748682016174,"B"
1157,55.1099107616637,"B"
1158,91.8398173197126,"B"
1159,65.7646173425605,"B"
1160,152.665866003652,"B"
1161,107.125097495553,"B"
1162,20.6816201940851,"B"
1163,38.5551727493338,"B"
1164,49.5474783545663,"B"
1165,148.568236932187,"B"
1166,186.831456592009,"B"
1167,0,"B"
1168,174.662413215201,"B"
1169,0,"B"
1170,18.5320548287337,"B"
1171,0,"B"
1172,130.234124341994,"B"
1173,69.0325607867592,"B"
1174,176.096298895612,"B"
1175,0,"B"
1176,0,"B"
1177,161.540753552661,"B"
1178,31.2093844600674,"B"
1179,0,"B"
1180,195.193487350298,"B"
1181,35.5425634779077,"B"
1182,120.174700392504,"B"
1183,203.976191673658,"B"
1184,26.5121938767451,"B"
1185,154.214988072856,"B"
1186,0,"B"
1187,311.130628575058,"B"
1188,148.57968512152,"B"
1189,77.2885772241718,"B"
1190,0,"B"
1191,87.199276816466,"B"
1192,118.746423583536,"B"
1193,177.282268420394,"B"
1194,102.114247225599,"B"
1195,173.373044227608,"B"
1196,138.263812903243,"B"
1197,71.3667270969582,"B"
1198,235.74296213319,"B"
1199,55.6565680575714,"B"
1200,123.51409500452,"B"
1201,150.093520695487,"B"
1202,112.133540598653,"B"
1203,127.876020102399,"B"
1204,234.633543891101,"B"
1205,233.662729388817,"B"
1206,10.230272868378,"B"
1207,123.960475685038,"B"
1208,155.794739895412,"B"
1209,141.949302227401,"B"
1210,132.601600849413,"B"
1211,99.6459823721513,"B"
1212,60.0181258758745,"B"
1213,123.680301610954,"B"
1214,96.528989656,"B"
1215,0,"B"
1216,178.759621737613,"B"
1217,209.783798924219,"B"
1218,144.885308847675,"B"
1219,266.607046643853,"B"
1220,100.406320248715,"B"
1221,118.22069267599,"B"
1222,0,"B"
1223,29.247209142585,"B"
1224,54.9527156979982,"B"
1225,278.245880338094,"B"
1226,196.975547694451,"B"
1227,191.936396493901,"B"
1228,0,"B"
1229,13.7054213799742,"B"
1230,172.450874528534,"B"
1231,10.5249951700553,"B"
1232,48.4867180155047,"B"
1233,96.0643754012036,"B"
1234,178.516635096041,"B"
1235,109.608888137656,"B"
1236,0,"B"
1237,40.9939883061694,"B"
1238,186.195578935839,"B"
1239,56.5995846839187,"B"
1240,43.8404049077416,"B"
1241,91.8913414482709,"B"
1242,97.2136236813964,"B"
1243,7.8537759632374,"B"
1244,175.705374235671,"B"
1245,129.156437712102,"B"
1246,47.7400181297178,"B"
1247,95.5126515071482,"B"
1248,20.1609700736843,"B"
1249,42.0766143733497,"B"
1250,97.543972129377,"B"
1251,44.3761615781751,"B"
1252,115.377667207032,"B"
1253,144.22051181207,"B"
1254,123.838975424104,"B"
1255,46.6657777935417,"B"
1256,72.7993011163331,"B"
1257,106.96291297389,"B"
1258,150.022722232939,"B"
1259,64.7942777104423,"B"
1260,94.7508430499984,"B"
1261,37.8965410186905,"B"
1262,79.1615594188733,"B"
1263,98.037630727964,"B"
1264,181.30952282318,"B"
1265,70.0323162767276,"B"
1266,86.9693871056654,"B"
1267,71.126161506273,"B"
1268,148.263382751705,"B"
1269,92.4618798399504,"B"
1270,204.806398176375,"B"
1271,29.9717230982039,"B"
1272,34.8869569088851,"B"
1273,214.222835795021,"B"
1274,127.171072548718,"B"
1275,117.962888690179,"B"
1276,133.423824374828,"B"
1277,139.699052164748,"B"
1278,299.397912090321,"B"
1279,15.8375635655374,"B"
1280,219.083607794618,"B"
1281,66.6466499926347,"B"
1282,104.306933185158,"B"
1283,328.142947637562,"B"
1284,20.8084785231832,"B"
1285,82.933744469472,"B"
1286,47.3584095523806,"B"
1287,0,"B"
1288,232.009159561619,"B"
1289,51.2912292273963,"B"
1290,104.615012362758,"B"
1291,91.5191496327334,"B"
1292,44.7720782939252,"B"
1293,88.6281269755004,"B"
1294,5.87608353918372,"B"
1295,99.065518505783,"B"
1296,126.939166549234,"B"
1297,239.6814028836,"B"
1298,143.504505074876,"B"
1299,8.5825315158384,"B"
1300,106.629645808983,"B"
1301,0,"B"
1302,117.241809958834,"B"
1303,67.0016686625927,"B"
1304,210.92078235701,"B"
1305,0,"B"
1306,69.3847721518442,"B"
1307,0,"B"
1308,68.2502247485584,"B"
1309,135.95836043913,"B"
1310,103.323384168686,"B"
1311,130.974941961092,"B"
1312,180.021035982918,"B"
1313,81.360194292314,"B"
1314,0,"B"
1315,146.698292959035,"B"
1316,56.5016932981508,"B"
1317,271.917961663289,"B"
1318,173.889892981263,"B"
1319,179.217981837819,"B"
1320,119.306040066644,"B"
1321,198.266083385831,"B"
1322,18.7812897191339,"B"
1323,46.8914045521054,"B"
1324,32.168572900709,"B"
1325,225.952842963474,"B"
1326,0,"B"
1327,43.0789241416702,"B"
1328,0,"B"
1329,58.8909300700935,"B"
1330,165.216197630785,"B"
1331,172.564089427803,"B"
1332,146.297438975367,"B"
1333,191.470836870341,"B"
1334,103.303497566723,"B"
1335,208.015213461278,"B"
1336,48.024729516649,"B"
1337,0,"B"
1338,0,"B"
1339,44.3470574174742,"B"
1340,97.2335225858263,"B"
1341,98.6712212124645,"B"
1342,234.601558461677,"B"
1343,0,"B"
1344,19.1446215949032,"B"
1345,166.429490904762,"B"
1346,129.415151985178,"B"
1347,85.9251542334656,"B"
1348,77.5011536069019,"B"
1349,158.996845110969,"B"
1350,56.3106728822465,"B"
1351,105.880300782397,"B"
1352,180.012525100181,"B"
1353,33.0224007894315,"B"
1354,127.068456032495,"B"
1355,101.229397997453,"B"
1356,117.192987499705,"B"
1357,144.376698271787,"B"
1358,0,"B"
1359,272.489870280118,"B"
1360,138.033123331314,"B"
1361,161.293751625141,"B"
1362,0,"B"
1363,230.047193904146,"B"
1364,108.161476827159,"B"
1365,0,"B"
1366,174.370741184719,"B"
1367,95.636793449816,"B"
1368,135.505778408166,"B"
1369,89.3833222879411,"B"
1370,75.8002229913011,"B"
1371,51.9932511177142,"B"
1372,23.0409687562386,"B"
1373,0,"B"
1374,76.4039719844832,"B"
1375,31.0368874572275,"B"
1376,29.0417008931923,"B"
1377,75.0243857477104,"B"
1378,130.886569715419,"B"
1379,52.6083151753416,"B"
1380,192.169477366269,"B"
1381,187.235344907976,"B"
1382,79.8595915802285,"B"
1383,26.1670177827941,"B"
1384,38.4864767534525,"B"
1385,52.6125391262211,"B"
1386,37.5779015565384,"B"
1387,103.066915270763,"B"
1388,22.3342913027351,"B"
1389,138.947505534055,"B"
1390,0,"B"
1391,0,"B"
1392,59.2314109431919,"B"
1393,142.292542219824,"B"
1394,125.886657956126,"B"
1395,152.686674263446,"B"
1396,21.7956149870265,"B"
1397,118.902223432973,"B"
1398,9.2858138610456,"B"
1399,61.9640159127359,"B"
1400,203.147569431457,"B"
1401,82.1248361069724,"B"
1402,45.6601734887781,"B"
1403,0,"B"
1404,184.621431054569,"B"
1405,108.47853756477,"B"
1406,28.8910382363275,"B"
1407,45.170402264163,"B"
1408,75.0523803216856,"B"
1409,0,"B"
1410,169.366582943899,"B"
1411,164.982848894202,"B"
1412,0,"B"
1413,226.412676888346,"B"
1414,104.583634758193,"B"
1415,85.282635544057,"B"
1416,144.589302410479,"B"
1417,165.795965585438,"B"
1418,181.407727601532,"B"
1419,0,"B"
1420,108.661718085687,"B"
1421,133.221686512888,"B"
1422,93.0227125757279,"B"
1423,8.37398389884811,"B"
1424,11.8043003125409,"B"
1425,149.49047665316,"B"
1426,110.617033576474,"B"
1427,98.8295676501209,"B"
1428,83.5147983893353,"B"
1429,202.704906155911,"B"
1430,129.311169507309,"B"
1431,36.6144667317196,"B"
1432,63.8062785126951,"B"
1433,35.8343606121622,"B"
1434,3.66699998964263,"B"
1435,219.61520982558,"B"
1436,64.4084658516601,"B"
1437,0,"B"
1438,58.4778662350171,"B"
1439,0,"B"
1440,83.2776543052354,"B"
1441,209.477764850428,"B"
1442,104.262591263945,"B"
1443,106.575091107979,"B"
1444,161.850109406218,"B"
1445,164.546700547855,"B"
1446,168.197840487989,"B"
1447,57.2046126105791,"B"
1448,60.1413414290437,"B"
1449,54.9991887339837,"B"
1450,0,"B"
1451,0,"B"
1452,188.760844056209,"B"
1453,117.946313505668,"B"
1454,22.9630649095712,"B"
1455,112.976382029088,"B"
1456,141.99981691976,"B"
1457,141.314123178962,"B"
1458,108.360977650704,"B"
1459,70.4835504880469,"B"
1460,22.7097193564721,"B"
1461,163.776173302354,"B"
1462,92.2682624337748,"B"
1463,101.457749186779,"B"
1464,32.7012379458112,"B"
1465,46.7753011006262,"B"
1466,154.731872054905,"B"
1467,60.8702463663499,"B"
1468,82.7312486100024,"B"
1469,193.846595457857,"B"
1470,198.775269344776,"B"
1471,106.111962203213,"B"
1472,0,"B"
1473,9.7275448922459,"B"
1474,0,"B"
1475,124.63881380283,"B"
1476,156.643510068732,"B"
1477,31.6184990338284,"B"
1478,163.757688720696,"B"
1479,0,"B"
1480,43.105669165747,"B"
1481,39.2908934202737,"B"
1482,148.937942373806,"B"
1483,155.643007702532,"B"
1484,63.011499794884,"B"
1485,164.154210849057,"B"
1486,63.9801451855718,"B"
1487,127.429082656877,"B"
1488,93.7680925375095,"B"
1489,277.491725475643,"B"
1490,49.1796320477458,"B"
1491,63.9948084108393,"B"
1492,0,"B"
1493,169.245624391024,"B"
1494,0,"B"
1495,61.0519511158895,"B"
1496,116.284007032639,"B"
1497,37.3237839895954,"B"
1498,265.832078779652,"B"
1499,9.74648464185707,"B"
1500,330.808876215294,"B"
1501,131.072263020523,"B"
1502,203.004206769827,"B"
1503,210.173695783742,"B"
1504,193.089735077249,"B"
1505,56.7029795202136,"B"
1506,194.481366841787,"B"
1507,170.566284137941,"B"
1508,192.229404998685,"B"
1509,188.443886401407,"B"
1510,200.157125293608,"B"
1511,180.440585590828,"B"
1512,150.051582880919,"B"
1513,47.0699672344162,"B"
1514,2.36708858992756,"B"
1515,45.6009755503752,"B"
1516,283.351894197411,"B"
1517,28.6487020558286,"B"
1518,122.341624143485,"B"
1519,0,"B"
1520,190.671699996266,"B"
1521,87.3241207775703,"B"
1522,131.978425813993,"B"
1523,94.5310060333942,"B"
1524,9.72206540196265,"B"
1525,195.622988110464,"B"
1526,150.293216961311,"B"
1527,126.114624817398,"B"
1528,126.408056906533,"B"
1529,0,"B"
1530,140.69771593058,"B"
1531,102.295667809463,"B"
1532,0,"B"
1533,0,"B"
1534,4.8190241374601,"B"
1535,195.436502454396,"B"
1536,133.734606747041,"B"
1537,44.2060100923407,"B"
1538,194.942166749536,"B"
1539,53.5071324192367,"B"
1540,0,"B"
1541,0,"B"
1542,61.4909174197128,"B"
1543,287.555975638757,"B"
1544,133.145055045631,"B"
1545,146.166371574303,"B"
1546,78.7485280336976,"B"
1547,261.521136707344,"B"
1548,203.831090194141,"B"
1549,258.822334250756,"B"
1550,10.1938687827421,"B"
1551,93.5408239632164,"B"
1552,37.4559548776959,"B"
1553,228.494936722747,"B"
1554,79.804308244902,"B"
1555,176.809319910327,"B"
1556,98.3198986792507,"B"
1557,0,"B"
1558,121.653568483505,"B"
1559,126.487713411239,"B"
1560,0,"B"
1561,97.5061678271043,"B"
1562,249.624062292349,"B"
1563,282.127096404067,"B"
1564,195.704611440343,"B"
1565,125.908385005606,"B"
1566,178.688906107143,"B"
1567,42.706494898044,"B"
1568,113.460077223516,"B"
1569,42.1558405153416,"B"
1570,147.568537603255,"B"
1571,7.68859990555768,"B"
1572,131.120158990511,"B"
1573,23.5295023051411,"B"
1574,213.881863932222,"B"
1575,159.085793671075,"B"
1576,100.500805822346,"B"
1577,12.7602710099966,"B"
1578,28.7865441059756,"B"
1579,165.027870422481,"B"
1580,46.3620930760589,"B"
1581,54.2586796497923,"B"
1582,130.420481549341,"B"
1583,53.1330057231806,"B"
1584,149.883702132848,"B"
1585,195.105355181841,"B"
1586,212.345248640526,"B"
1587,207.471231819957,"B"
1588,84.7994777301927,"B"
1589,52.2412443505837,"B"
1590,159.198334038061,"B"
1591,84.3153797367188,"B"
1592,139.858792810993,"B"
1593,151.408429007013,"B"
1594,84.5006481761056,"B"
1595,8.08269236073124,"B"
1596,163.204174874724,"B"
1597,358.066775056102,"B"
1598,82.3866609219433,"B"
1599,240.778171840124,"B"
1600,53.6557664650187,"B"
1601,233.5264363754,"B"
1602,151.901961886392,"B"
1603,14.7750874447884,"B"
1604,91.0511443591026,"B"
1605,67.4111166322093,"B"
1606,21.4040622384439,"B"
1607,86.1376213367033,"B"
1608,60.1179409993275,"B"
1609,164.831603639473,"B"
1610,0.622425855762401,"B"
1611,181.22929214224,"B"
1612,98.1837729967346,"B"
1613,38.2215291812897,"B"
1614,45.4742978407238,"B"
1615,56.8719698380349,"B"
1616,50.6871881361846,"B"
1617,313.413884145842,"B"
1618,182.501566228459,"B"
1619,79.3535416667982,"B"
1620,0,"B"
1621,165.492856758355,"B"
1622,50.4210319889355,"B"
1623,29.3859275345888,"B"
1624,0,"B"
1625,89.2908227752651,"B"
1626,21.248503895944,"B"
1627,205.587355039289,"B"
1628,0,"B"
1629,0,"B"
1630,147.114566598531,"B"
1631,248.990498709282,"B"
1632,68.9997863973154,"B"
1633,96.3036621941303,"B"
1634,0,"B"
1635,18.2360209474145,"B"
1636,168.821813001864,"B"
1637,118.321144158911,"B"
1638,44.6105802270455,"B"
1639,113.438292804942,"B"
1640,128.587019076432,"B"
1641,133.899808563945,"B"
1642,132.202389025647,"B"
1643,134.404573666738,"B"
1644,138.68210988018,"B"
1645,156.927554653187,"B"
1646,66.9348155559064,"B"
1647,67.4074328856674,"B"
1648,161.10369918483,"B"
1649,113.259004191116,"B"
1650,73.7186988071024,"B"
1651,44.6182963655414,"B"
1652,59.3321087375022,"B"
1653,31.0647861593659,"B"
1654,180.698263172378,"B"
1655,42.9393120612552,"B"
1656,62.370698963493,"B"
1657,153.194266274899,"B"
1658,0.455638306644929,"B"
1659,105.27408101718,"B"
1660,0,"B"
1661,100.747235207871,"B"
1662,149.880575459172,"B"
1663,131.767710989543,"B"
1664,71.5341425917438,"B"
1665,78.957394539573,"B"
1666,192.281817999499,"B"
1667,118.427600616767,"B"
1668,120.173719143018,"B"
1669,84.194621814118,"B"
1670,61.6225458878335,"B"
1671,21.3016691228837,"B"
1672,44.8948312755043,"B"
1673,246.092668242837,"B"
1674,115.348387552134,"B"
1675,164.34346498888,"B"
1676,0,"B"
1677,51.7092607063115,"B"
1678,10.9255941735435,"B"
1679,110.369036947679,"B"
1680,166.741718761265,"B"
1681,128.988555843734,"B"
1682,82.0604446246945,"B"
1683,166.536560501289,"B"
1684,0,"B"
1685,43.9478456126285,"B"
1686,74.470254702625,"B"
1687,121.071795506516,"B"
1688,79.76484433054,"B"
1689,0,"B"
1690,282.386699689617,"B"
1691,159.118072331869,"B"
1692,79.936761375348,"B"
1693,146.983233595522,"B"
1694,36.389147271006,"B"
1695,4.11219701723502,"B"
1696,41.890954550449,"B"
1697,64.0586530960697,"B"
1698,162.161259424884,"B"
1699,135.765987966124,"B"
1700,0,"B"
1701,94.5371746738013,"B"
1702,119.170505430003,"B"
1703,173.279529675335,"B"
1704,158.046478494073,"B"
1705,132.610427508445,"B"
1706,55.2021141480675,"B"
1707,115.76041179969,"B"
1708,47.42742368442,"B"
1709,32.3055007601174,"B"
1710,114.041463450078,"B"
1711,0,"B"
1712,323.268205447218,"B"
1713,122.198281796163,"B"
1714,43.829954832144,"B"
1715,3.81442757115352,"B"
1716,0,"B"
1717,145.882562883152,"B"
1718,130.452906022004,"B"
1719,45.4102473968252,"B"
1720,29.3834383027822,"B"
1721,19.2333098581366,"B"
1722,277.584694775814,"B"
1723,43.8797638331708,"B"
1724,64.1493918306572,"B"
1725,264.17393087606,"B"
1726,136.647948983487,"B"
1727,108.032934995155,"B"
1728,219.834998062804,"B"
1729,110.071181199241,"B"
1730,30.4076386946783,"B"
1731,0,"B"
1732,40.807629205707,"B"
1733,8.88081205503292,"B"
1734,0,"B"
1735,0,"B"
1736,0,"B"
1737,284.853821695155,"B"
1738,219.388263124902,"B"
1739,155.131107354151,"B"
1740,0,"B"
1741,170.743820467622,"B"
1742,97.993964180883,"B"
1743,20.1957882176207,"B"
1744,91.5308629861938,"B"
1745,0,"B"
1746,215.325861338849,"B"
1747,206.742354879809,"B"
1748,158.785442646862,"B"
1749,0.811690396209315,"B"
1750,30.6585919970858,"B"
1751,43.2590466101853,"B"
1752,0,"B"
1753,121.335288146418,"B"
1754,283.75414543775,"B"
1755,134.867218441837,"B"
1756,182.439567090688,"B"
1757,77.8757591446704,"B"
1758,257.195302038038,"B"
1759,69.6521219857748,"B"
1760,89.6316244421544,"B"
1761,0,"B"
1762,264.413279620866,"B"
1763,10.7634012920383,"B"
1764,77.205011728903,"B"
1765,178.796207871941,"B"
1766,0,"B"
1767,184.426646314927,"B"
1768,0,"B"
1769,87.4801336182305,"B"
1770,186.697326617166,"B"
1771,81.8759245501428,"B"
1772,147.660119339276,"B"
1773,119.281228973277,"B"
1774,146.733864716003,"B"
1775,21.4959037803279,"B"
1776,87.9176691977802,"B"
1777,17.7037756320318,"B"
1778,36.5859634265908,"B"
1779,135.283212407972,"B"
1780,216.71133519976,"B"
1781,67.6443920783323,"B"
1782,73.7224766748477,"B"
1783,201.312868738985,"B"
1784,177.03739535702,"B"
1785,32.0812198658543,"B"
1786,93.4379238423486,"B"
1787,83.2591061812546,"B"
1788,52.1523061840916,"B"
1789,115.239751355707,"B"
1790,56.167053953028,"B"
1791,71.414942313479,"B"
1792,172.731291947604,"B"
1793,118.919755500685,"B"
1794,0,"B"
1795,114.484961634592,"B"
1796,66.7991311021087,"B"
1797,70.3162458954255,"B"
1798,138.766357597215,"B"
1799,170.572968962463,"B"
1800,0,"B"
1801,239.065793819107,"B"
1802,67.8588089903912,"B"
1803,40.5496362981195,"B"
1804,15.4989985237865,"B"
1805,70.6865566526095,"B"
1806,9.08017499541845,"B"
1807,0,"B"
1808,0,"B"
1809,42.1248668632103,"B"
1810,122.562423910381,"B"
1811,19.4889912837744,"B"
1812,4.97953144721562,"B"
1813,146.741979236213,"B"
1814,93.03842689281,"B"
1815,156.230720774639,"B"
1816,184.532355823997,"B"
1817,0,"B"
1818,90.2924134363881,"B"
1819,83.4967420240269,"B"
1820,8.70251424471363,"B"
1821,73.6152453125769,"B"
1822,152.858130348093,"B"
1823,0,"B"
1824,75.0210234994639,"B"
1825,24.0354542088707,"B"
1826,25.0185948135668,"B"
1827,33.4686809008615,"B"
1828,0,"B"
1829,196.146130216892,"B"
1830,17.5162013860878,"B"
1831,149.659988192112,"B"
1832,260.576038910005,"B"
1833,143.996941863048,"B"
1834,0,"B"
1835,99.9690713429233,"B"
1836,0,"B"
1837,178.872151455882,"B"
1838,171.450064910306,"B"
1839,168.858829114525,"B"
1840,104.789283021647,"B"
1841,146.217717035557,"B"
1842,55.1017916929634,"B"
1843,194.060868826764,"B"
1844,122.432556924998,"B"
1845,116.822563958917,"B"
1846,184.512558113702,"B"
1847,126.322719479603,"B"
1848,30.0654945159901,"B"
1849,220.570980783624,"B"
1850,119.137035255505,"B"
1851,115.458346776791,"B"
1852,82.1923281238108,"B"
1853,149.699219664653,"B"
1854,40.7875229846473,"B"
1855,175.8948524241,"B"
1856,289.334666009254,"B"
1857,217.468717601491,"B"
1858,87.8012320991632,"B"
1859,0,"B"
1860,130.606546289636,"B"
1861,47.8816641601808,"B"
1862,124.224075142677,"B"
1863,170.480918163862,"B"
1864,244.22527417531,"B"
1865,152.464311647108,"B"
1866,145.387241746308,"B"
1867,29.7203662031011,"B"
1868,106.081606244834,"B"
1869,341.607871252976,"B"
1870,135.291965110969,"B"
1871,291.121529309216,"B"
1872,134.491734218814,"B"
1873,169.045320030601,"B"
1874,69.4325376276827,"B"
1875,64.737610078372,"B"
1876,194.58735298846,"B"
1877,25.0760458334389,"B"
1878,350.251728674809,"B"
1879,127.191294206947,"B"
1880,183.589120711368,"B"
1881,263.003385837068,"B"
1882,80.0691085462239,"B"
1883,64.3871430007672,"B"
1884,169.105098830428,"B"
1885,179.266621030174,"B"
1886,136.029793294832,"B"
1887,183.099281761192,"B"
1888,9.95547592305365,"B"
1889,124.427883458803,"B"
1890,24.3345269635587,"B"
1891,152.697087927121,"B"
1892,99.783359177857,"B"
1893,64.1241019417587,"B"
1894,166.838540126394,"B"
1895,53.2994658111734,"B"
1896,245.253189505128,"B"
1897,120.466957597634,"B"
1898,200.503404366158,"B"
1899,0,"B"
1900,191.075986777402,"B"
1901,139.772933183375,"B"
1902,180.992090813733,"B"
1903,116.182314647297,"B"
1904,80.4352198991641,"B"
1905,0,"B"
1906,148.344314887838,"B"
1907,43.7619629275629,"B"
1908,97.214347942126,"B"
1909,81.3691974386691,"B"
1910,0,"B"
1911,113.824268182877,"B"
1912,122.548893907263,"B"
1913,62.5960437237256,"B"
1914,64.2587471957936,"B"
1915,69.669957686307,"B"
1916,26.7020788470614,"B"
1917,10.1012321882827,"B"
1918,0,"B"
1919,52.5919118701573,"B"
1920,78.9702928753854,"B"
1921,19.6361172368716,"B"
1922,0,"B"
1923,21.759928836663,"B"
1924,85.7365151578114,"B"
1925,253.184956886404,"B"
1926,158.950717662748,"B"
1927,274.825158658633,"B"
1928,19.3817700837535,"B"
1929,169.238345511806,"B"
1930,124.610209020034,"B"
1931,71.5075419876715,"B"
1932,264.93935555593,"B"
1933,95.2008175860168,"B"
1934,103.036547920479,"B"
1935,145.089857546533,"B"
1936,225.102290016162,"B"
1937,22.2901990031407,"B"
1938,217.1009223211,"B"
1939,12.9264516994706,"B"
1940,0,"B"
1941,0,"B"
1942,179.104998756418,"B"
1943,186.480255931243,"B"
1944,80.3002357192663,"B"
1945,184.730009458022,"B"
1946,0,"B"
1947,17.5134770919993,"B"
1948,86.8852474405373,"B"
1949,62.4630871620114,"B"
1950,178.797754010243,"B"
1951,169.971541251867,"B"
1952,152.114876647591,"B"
1953,227.140347975774,"B"
1954,119.366106115896,"B"
1955,32.0162649426156,"B"
1956,23.7815659598854,"B"
1957,119.607143160699,"B"
1958,205.788790633742,"B"
1959,13.1881689097432,"B"
1960,143.774249140699,"B"
1961,288.488087429455,"B"
1962,88.3915960271176,"B"
1963,78.0392959912548,"B"
1964,199.378830250006,"B"
1965,113.117000193021,"B"
1966,93.8866748205684,"B"
1967,228.474066544154,"B"
1968,208.664883962407,"B"
1969,176.314257585788,"B"
1970,90.2126297988854,"B"
